Foodweb,Nodes,Edges,Connectance
SF1M1,12,28,0.21212121212121213
PP1I3,11,24,0.21818181818181817
SP1,11,24,0.21818181818181817
SF1M2,10,16,0.17777777777777778